species,lat,lon,country,eventDate,basisOfRecord,presence
Apis mellifera,-1.223488,36.897896,Kenya,2026-01-12T15:49,HUMAN_OBSERVATION,1
Apis mellifera,-1.223413,36.897344,Kenya,2026-01-19T17:43,HUMAN_OBSERVATION,1
Apis mellifera,-1.222881,36.897628,Kenya,2026-01-14T14:40,HUMAN_OBSERVATION,1
Apis mellifera,-0.524644,36.664209,Kenya,2026-01-06T14:24,HUMAN_OBSERVATION,1
Apis mellifera,-1.267186,36.821036,Kenya,2025-01-06T07:15,HUMAN_OBSERVATION,1
Apis mellifera,-4.373255,39.556372,Kenya,2025-01-18T12:08:59,HUMAN_OBSERVATION,1
Apis mellifera,-1.18162,36.951995,Kenya,2025-01-21T13:25:13,HUMAN_OBSERVATION,1
Apis mellifera,-1.529887,35.318703,Kenya,2025-01-27T13:55:43,HUMAN_OBSERVATION,1
Apis mellifera,-1.352293,36.712182,Kenya,2025-01-30T10:27,HUMAN_OBSERVATION,1
Apis mellifera,-4.035005,39.71773,Kenya,2025-01-09T16:30,HUMAN_OBSERVATION,1
Apis mellifera,-0.4854,37.1543,Kenya,2025-01-31,PRESERVED_SPECIMEN,1
Apis mellifera,-1.181622,36.952019,Kenya,2025-02-25T07:48:16,HUMAN_OBSERVATION,1
Apis mellifera,-1.2455,36.795244,Kenya,2025-02-23T15:58:15,HUMAN_OBSERVATION,1
Apis mellifera,-1.358354,36.953314,Kenya,2025-02-24T08:58,HUMAN_OBSERVATION,1
Apis mellifera,-1.267011,36.821087,Kenya,2025-03-17T08:27,HUMAN_OBSERVATION,1
Apis mellifera,-1.224,36.896705,Kenya,2025-04-14T14:16,HUMAN_OBSERVATION,1
Apis mellifera,-0.855073,37.182287,Kenya,2025-04-15T13:31,HUMAN_OBSERVATION,1
Apis mellifera,-1.247041,36.804972,Kenya,2025-04-20T10:05,HUMAN_OBSERVATION,1
Apis mellifera,-1.245061,36.799764,Kenya,2025-04-20T10:18,HUMAN_OBSERVATION,1
Apis mellifera,-1.375643,36.746138,Kenya,2025-04-25T11:15:01,HUMAN_OBSERVATION,1
Apis mellifera,-0.697555,37.336982,Kenya,2025-04-02T12:06,HUMAN_OBSERVATION,1
Apis mellifera,-1.105151,36.630567,Kenya,2025-04-13T15:48,HUMAN_OBSERVATION,1
Apis mellifera,-1.376423,36.748309,Kenya,2025-04-26T10:41,HUMAN_OBSERVATION,1
Apis mellifera,-1.402934,35.125592,Kenya,2025-04-17T09:11,HUMAN_OBSERVATION,1
Apis mellifera,-1.267442,36.82097,Kenya,2025-05-11T11:51,HUMAN_OBSERVATION,1
Apis mellifera,-1.241381,36.796337,Kenya,2025-05-18T10:14,HUMAN_OBSERVATION,1
Apis mellifera,0.293447,36.899103,Kenya,2025-05-17T09:31:47,HUMAN_OBSERVATION,1
Apis mellifera,0.293455,36.898786,Kenya,2025-05-17T09:43:03,HUMAN_OBSERVATION,1
Apis mellifera,0.305933,34.185022,Kenya,2025-05-18T14:22:58,HUMAN_OBSERVATION,1
Apis mellifera,-1.242845,36.797314,Kenya,2025-05-18T10:10,HUMAN_OBSERVATION,1
Apis mellifera,-1.289363,36.890777,Kenya,2025-05-25T15:18,HUMAN_OBSERVATION,1
Apis mellifera,-1.289336,36.890781,Kenya,2025-05-25T15:20,HUMAN_OBSERVATION,1
Apis mellifera,-1.27045,36.808553,Kenya,2025-05-30T07:22:59,HUMAN_OBSERVATION,1
Apis mellifera,-1.289311,36.890092,Kenya,2025-05-24T13:01,HUMAN_OBSERVATION,1
Apis mellifera,-1.121003,36.676544,Kenya,2025-05-27T08:00,HUMAN_OBSERVATION,1
Apis mellifera,-1.289276,36.890027,Kenya,2025-05-24T13:02,HUMAN_OBSERVATION,1
Apis mellifera,-1.303468,36.968309,Kenya,2025-05-26T15:00,HUMAN_OBSERVATION,1
Apis mellifera,-1.286213,36.817975,Kenya,2025-05-23T09:23,HUMAN_OBSERVATION,1
Apis mellifera,-1.23291,36.807558,Kenya,2025-06-11T11:53:39,HUMAN_OBSERVATION,1
Apis mellifera,-1.223493,36.89667,Kenya,2025-06-16T13:58,HUMAN_OBSERVATION,1
Apis mellifera,-1.224258,36.897395,Kenya,2025-06-16T18:10,HUMAN_OBSERVATION,1
Apis mellifera,-1.241249,36.799534,Kenya,2025-06-14T10:23,HUMAN_OBSERVATION,1
Apis mellifera,-0.00288,37.078623,Kenya,2025-06-17T10:01:58,HUMAN_OBSERVATION,1
Apis mellifera,-0.411734,36.671582,Kenya,2025-06-11T12:18,HUMAN_OBSERVATION,1
Apis mellifera,-1.33732,36.773248,Kenya,2025-06-13T15:45:36,HUMAN_OBSERVATION,1
Apis mellifera,-0.816503,36.387903,Kenya,2025-06-20T11:15,HUMAN_OBSERVATION,1
Apis mellifera,-1.275083,34.964692,Kenya,2025-06-27T13:55:11,HUMAN_OBSERVATION,1
Apis mellifera,-1.337442,36.774039,Kenya,2025-06-13T15:10:28,HUMAN_OBSERVATION,1
Apis mellifera,-1.18154,36.953068,Kenya,2025-06-19T12:17:39,HUMAN_OBSERVATION,1
Apis mellifera,0.359197,37.071317,Kenya,2025-06-03T10:47:08,HUMAN_OBSERVATION,1
Apis mellifera,-1.323994,36.667803,Kenya,2025-07-18T06:22,HUMAN_OBSERVATION,1
Apis mellifera,-1.336859,36.779785,Kenya,2025-07-17T07:12,HUMAN_OBSERVATION,1
Apis mellifera,-1.337413,36.77757,Kenya,2025-07-17T14:45:56,HUMAN_OBSERVATION,1
Apis mellifera,-1.267214,36.821038,Kenya,2025-07-26T09:28:22,HUMAN_OBSERVATION,1
Apis mellifera,-4.037655,39.66747,Kenya,2025-07-25T08:53:47,HUMAN_OBSERVATION,1
Apis mellifera,-0.475619,36.261813,Kenya,2025-07-17T06:00,HUMAN_OBSERVATION,1
Apis mellifera,-1.413666,35.124783,Kenya,2025-07-26T17:00,HUMAN_OBSERVATION,1
Apis mellifera,-1.414647,36.809155,Kenya,2025-07-27T18:14:33,HUMAN_OBSERVATION,1
Apis mellifera,-1.364213,36.722124,Kenya,2025-07-27T02:43,HUMAN_OBSERVATION,1
Apis mellifera,-1.350451,36.798579,Kenya,2025-08-04T14:51:34,HUMAN_OBSERVATION,1
Apis mellifera,-1.494557,37.046592,Kenya,2025-08-17T13:32:32,HUMAN_OBSERVATION,1
Apis mellifera,-1.23612,36.828628,Kenya,2025-08-05T13:11:51,HUMAN_OBSERVATION,1
Apis mellifera,-1.267151,36.82111,Kenya,2025-09-14T10:19,HUMAN_OBSERVATION,1
Apis mellifera,-1.237405,36.810288,Kenya,2025-09-11T07:09:35,HUMAN_OBSERVATION,1
Apis mellifera,-1.181151,36.933998,Kenya,2025-09-09T12:36:39,HUMAN_OBSERVATION,1
Apis mellifera,-1.23765,36.81057,Kenya,2025-09-11T07:09:50,HUMAN_OBSERVATION,1
Apis mellifera,0.226669,34.884434,Kenya,2025-09-18T12:10,HUMAN_OBSERVATION,1
Apis mellifera,-1.393838,36.84789,Kenya,2025-09-20T10:14:32,HUMAN_OBSERVATION,1
Apis mellifera,-1.256532,36.816621,Kenya,2025-09-27T10:45,HUMAN_OBSERVATION,1
Apis mellifera,-1.394133,36.84796,Kenya,2025-09-20T10:07:25,HUMAN_OBSERVATION,1
Apis mellifera,-1.394055,36.847916,Kenya,2025-09-20T10:13:53,HUMAN_OBSERVATION,1
Apis mellifera,-0.604762,37.34023,Kenya,2025-09-16T12:39,HUMAN_OBSERVATION,1
Apis mellifera,-0.295995,37.099255,Kenya,2025-09-04T10:57:09,HUMAN_OBSERVATION,1
Apis mellifera,-1.267144,36.82109,Kenya,2025-10-05T14:07,HUMAN_OBSERVATION,1
Apis mellifera,-1.37547,36.747042,Kenya,2025-10-26T11:01:24,HUMAN_OBSERVATION,1
Apis mellifera,-1.37554,36.746125,Kenya,2025-10-25T09:33:05,HUMAN_OBSERVATION,1
Apis mellifera,-1.375555,36.746114,Kenya,2025-10-25T09:34:35,HUMAN_OBSERVATION,1
Apis mellifera,-1.375566,36.746176,Kenya,2025-10-25T10:29:59,HUMAN_OBSERVATION,1
Apis mellifera,-1.37553,36.746085,Kenya,2025-10-25T10:26:39,HUMAN_OBSERVATION,1
Apis mellifera,-1.401025,36.852417,Kenya,2025-10-25T08:47:40,HUMAN_OBSERVATION,1
Apis mellifera,-1.375733,36.745835,Kenya,2025-10-25T10:12:45,HUMAN_OBSERVATION,1
Apis mellifera,-1.375695,36.746119,Kenya,2025-10-25T10:46:19,HUMAN_OBSERVATION,1
Apis mellifera,-1.400488,36.851738,Kenya,2025-10-24T10:34:06,HUMAN_OBSERVATION,1
Apis mellifera,-1.375592,36.746142,Kenya,2025-10-25T10:17:05,HUMAN_OBSERVATION,1
Apis mellifera,-1.375573,36.746111,Kenya,2025-10-25T10:14:03,HUMAN_OBSERVATION,1
Apis mellifera,-1.375678,36.746106,Kenya,2025-10-25T09:30:51,HUMAN_OBSERVATION,1
Apis mellifera,-1.375545,36.746043,Kenya,2025-10-25T10:09:59,HUMAN_OBSERVATION,1
Apis mellifera,-1.375564,36.746108,Kenya,2025-10-25T10:58:05,HUMAN_OBSERVATION,1
Apis mellifera,-0.331078,36.813957,Kenya,2025-11-05T00:57,HUMAN_OBSERVATION,1
Apis mellifera,-1.303844,36.694008,Kenya,2025-11-01T13:38:25,HUMAN_OBSERVATION,1
Apis mellifera,0.292195,36.898506,Kenya,2025-11-14T07:42:02,HUMAN_OBSERVATION,1
Apis mellifera,0.032431,36.911973,Kenya,2025-11-08T13:11:22,HUMAN_OBSERVATION,1
Apis mellifera,-1.236831,36.83038,Kenya,2025-12-06T08:22:45,HUMAN_OBSERVATION,1
Apis mellifera,-1.236831,36.83038,Kenya,2025-12-06T08:46:16,HUMAN_OBSERVATION,1
Apis mellifera,-1.209255,36.786786,Kenya,2025-12-12T19:54:18,HUMAN_OBSERVATION,1
Apis mellifera,-1.232769,36.815017,Kenya,2025-12-04T09:43:11,HUMAN_OBSERVATION,1
Apis mellifera,-1.288742,37.176165,Kenya,2025-12-19T15:50,HUMAN_OBSERVATION,1
Apis mellifera,-4.659003,39.37042,Kenya,2025-12-31T11:44:04,HUMAN_OBSERVATION,1
Apis mellifera,-2.138313,38.264874,Kenya,2025-12-27T20:39,HUMAN_OBSERVATION,1
Apis mellifera,-4.312908,39.577136,Kenya,2025-12-27T08:19,HUMAN_OBSERVATION,1
Apis mellifera,-4.313003,39.577636,Kenya,2025-12-24T10:53,HUMAN_OBSERVATION,1
Apis mellifera,-0.392371,36.961194,Kenya,2024-01-01T11:51:13,HUMAN_OBSERVATION,1
Apis mellifera,-0.742137,36.450641,Kenya,2024-01-20T14:10:59,HUMAN_OBSERVATION,1
Apis mellifera,-1.26139,36.952022,Kenya,2024-01-14T10:11,HUMAN_OBSERVATION,1
Apis mellifera,-1.590413,35.235382,Kenya,2024-01-21T17:15,HUMAN_OBSERVATION,1
Apis mellifera,0.442617,36.811877,Kenya,2024-01-28T09:31,HUMAN_OBSERVATION,1
Apis mellifera,-0.025841,37.282575,Kenya,2024-02-26T15:22:50,HUMAN_OBSERVATION,1
Apis mellifera,-1.333611,36.751667,Kenya,2024-02-20T10:19,HUMAN_OBSERVATION,1
Apis mellifera,-1.209533,36.851368,Kenya,2024-03-08T15:33:10,HUMAN_OBSERVATION,1
Apis mellifera,-1.236553,35.02472,Kenya,2024-03-04T12:09,HUMAN_OBSERVATION,1
Apis mellifera,-1.26711,36.820957,Kenya,2024-04-17T06:39,HUMAN_OBSERVATION,1
Apis mellifera,0.030616,37.105018,Kenya,2024-04-24T08:43,HUMAN_OBSERVATION,1
Apis mellifera,-1.333261,36.75065,Kenya,2024-05-29T14:37:11,HUMAN_OBSERVATION,1
Apis mellifera,-0.540516,37.078438,Kenya,2024-05-15T22:07:49,HUMAN_OBSERVATION,1
Apis mellifera,-2.386347,37.336642,Kenya,2024-05-13T08:27,HUMAN_OBSERVATION,1
Apis mellifera,-1.283081,36.821653,Kenya,2024-06-11T16:08:15,HUMAN_OBSERVATION,1
Apis mellifera,-2.951763,39.79117,Kenya,2024-06-20T12:16:39,HUMAN_OBSERVATION,1
Apis mellifera,-1.275272,36.813797,Kenya,2024-06-15T10:27:34,HUMAN_OBSERVATION,1
Apis mellifera,0.293858,36.90038,Kenya,2024-06-21T14:58:53,HUMAN_OBSERVATION,1
Apis mellifera,0.256606,34.883988,Kenya,2024-07-30T16:40:11,HUMAN_OBSERVATION,1
Apis mellifera,-1.266978,36.821042,Kenya,2024-08-17T12:18:41,HUMAN_OBSERVATION,1
Apis mellifera,-1.223579,36.896538,Kenya,2024-08-08T13:53,HUMAN_OBSERVATION,1
Apis mellifera,-0.788315,36.422054,Kenya,2024-08-11T15:25,HUMAN_OBSERVATION,1
Apis mellifera,-1.619337,35.299959,Kenya,2024-08-23T18:30:24,HUMAN_OBSERVATION,1
Apis mellifera,-1.300888,36.791313,Kenya,2024-09-17T11:43:41,HUMAN_OBSERVATION,1
Apis mellifera,-1.34126,36.766792,Kenya,2024-09-23T16:18:18,HUMAN_OBSERVATION,1
Apis mellifera,-1.250717,36.663151,Kenya,2024-09-21T09:59:01,HUMAN_OBSERVATION,1
Apis mellifera,-1.393714,36.745753,Kenya,2024-09-20T14:20:52,HUMAN_OBSERVATION,1
Apis mellifera,0.257555,37.547653,Kenya,2024-09-24T07:43:36,HUMAN_OBSERVATION,1
Apis mellifera,-1.392459,36.747774,Kenya,2024-09-20T14:20:23,HUMAN_OBSERVATION,1
Apis mellifera,0.256847,37.54798,Kenya,2024-09-26T15:48:36,HUMAN_OBSERVATION,1
Apis mellifera,-1.437135,36.932253,Kenya,2024-09-22T11:35:18,HUMAN_OBSERVATION,1
Apis mellifera,-1.411914,36.889186,Kenya,2024-09-22T12:16:28,HUMAN_OBSERVATION,1
Apis mellifera,-1.24409,36.819099,Kenya,2024-10-05T11:10,HUMAN_OBSERVATION,1
Apis mellifera,-1.223577,36.90006,Kenya,2024-10-18T07:48:26,HUMAN_OBSERVATION,1
Apis mellifera,-2.813935,37.41114,Kenya,2024-10-20T09:07,HUMAN_OBSERVATION,1
Apis mellifera,-1.198172,36.855134,Kenya,2024-11-02T11:10,HUMAN_OBSERVATION,1
Apis mellifera,-1.29714,36.807762,Kenya,2024-11-15T14:59:31,HUMAN_OBSERVATION,1
Apis mellifera,-1.242696,36.823943,Kenya,2024-12-14T10:07,HUMAN_OBSERVATION,1
Apis mellifera,-1.267138,36.82109,Kenya,2024-12-15T11:28,HUMAN_OBSERVATION,1
Apis mellifera,-1.223527,36.896695,Kenya,2024-12-19T13:25,HUMAN_OBSERVATION,1
Apis mellifera,0.079355,34.487107,Kenya,2024-12-14T10:43:34,HUMAN_OBSERVATION,1
Apis mellifera,-1.18156,36.953033,Kenya,2024-12-02T10:34:53,HUMAN_OBSERVATION,1
Apis mellifera,-0.791694,36.417091,Kenya,2024-12-19T10:04,HUMAN_OBSERVATION,1
Apis mellifera,-0.10372,37.251282,Kenya,2023-01-07T17:05,HUMAN_OBSERVATION,1
Apis mellifera,-4.35609,39.557552,Kenya,2023-01-06,HUMAN_OBSERVATION,1
Apis mellifera,-1.26478,36.786823,Kenya,2023-03-08T01:06,HUMAN_OBSERVATION,1
Apis mellifera,-1.224201,36.896652,Kenya,2023-03-09T17:45,HUMAN_OBSERVATION,1
Apis mellifera,-1.267143,36.821002,Kenya,2023-03-11T08:33,HUMAN_OBSERVATION,1
Apis mellifera,-2.79875,37.530262,Kenya,2023-03-23T10:17:52,HUMAN_OBSERVATION,1
Apis mellifera,-0.508936,37.454077,Kenya,2023-03-27T18:01,HUMAN_OBSERVATION,1
Apis mellifera,-0.51301,37.45506,Kenya,2023-03-14T11:26,HUMAN_OBSERVATION,1
Apis mellifera,-0.51301,37.45506,Kenya,2023-03-14T11:52,HUMAN_OBSERVATION,1
Apis mellifera,-0.508936,37.454077,Kenya,2023-03-27T18:01,HUMAN_OBSERVATION,1
Apis mellifera,-1.224507,36.896679,Kenya,2023-04-25T17:47,HUMAN_OBSERVATION,1
Apis mellifera,-1.239567,36.818961,Kenya,2023-04-23T13:30,HUMAN_OBSERVATION,1
Apis mellifera,-0.47433,37.71759,Kenya,2023-04-12T09:48,HUMAN_OBSERVATION,1
Apis mellifera,-0.47433,37.71759,Kenya,2023-04-12T09:38,HUMAN_OBSERVATION,1
Apis mellifera,-0.47433,37.71759,Kenya,2023-04-12T09:38,HUMAN_OBSERVATION,1
Apis mellifera,-0.347803,37.482394,Kenya,2023-04-27T11:34,HUMAN_OBSERVATION,1
Apis mellifera,-0.347803,37.482394,Kenya,2023-04-21T11:23,HUMAN_OBSERVATION,1
Apis mellifera,-0.471909,37.913347,Kenya,2023-04-24T10:04,HUMAN_OBSERVATION,1
Apis mellifera,-0.47433,37.71759,Kenya,2023-04-20T10:07,HUMAN_OBSERVATION,1
Apis mellifera,-0.347803,37.482394,Kenya,2023-04-21T11:13,HUMAN_OBSERVATION,1
Apis mellifera,-0.471909,37.913347,Kenya,2023-04-24T09:52,HUMAN_OBSERVATION,1
Apis mellifera,-0.47433,37.71759,Kenya,2023-04-12T09:57,HUMAN_OBSERVATION,1
Apis mellifera,-0.471909,37.913347,Kenya,2023-04-24T10:04,HUMAN_OBSERVATION,1
Apis mellifera,-0.47433,37.71759,Kenya,2023-04-20T10:07,HUMAN_OBSERVATION,1
Apis mellifera,-0.471909,37.913347,Kenya,2023-04-24T10:04,HUMAN_OBSERVATION,1
Apis mellifera,-0.347803,37.482394,Kenya,2023-04-21T11:44,HUMAN_OBSERVATION,1
Apis mellifera,-0.47433,37.71759,Kenya,2023-04-20T10:07,HUMAN_OBSERVATION,1
Apis mellifera,-0.471909,37.913347,Kenya,2023-04-24T10:04,HUMAN_OBSERVATION,1
Apis mellifera,-1.263189,36.829211,Kenya,2023-05-08T04:07,HUMAN_OBSERVATION,1
Apis mellifera,0.399085,36.024562,Kenya,2023-05-18T11:00,HUMAN_OBSERVATION,1
Apis mellifera,-1.260184,36.807647,Kenya,2023-05-28T12:03,HUMAN_OBSERVATION,1
Apis mellifera,-0.482883,36.730278,Kenya,2023-05-18T19:04:20,HUMAN_OBSERVATION,1
Apis mellifera,-0.820418,36.377323,Kenya,2023-05-25T15:30:24,HUMAN_OBSERVATION,1
Apis mellifera,-0.053297,37.291232,Kenya,2023-05-17T11:21,HUMAN_OBSERVATION,1
Apis mellifera,-0.053297,37.291232,Kenya,2023-05-17T12:06,HUMAN_OBSERVATION,1
Apis mellifera,-0.049211,37.286747,Kenya,2023-05-15T10:22,HUMAN_OBSERVATION,1
Apis mellifera,-0.053297,37.291232,Kenya,2023-05-17T12:06,HUMAN_OBSERVATION,1
Apis mellifera,-0.053297,37.291232,Kenya,2023-05-17T12:06,HUMAN_OBSERVATION,1
Apis mellifera,-0.053297,37.291232,Kenya,2023-05-17T11:21,HUMAN_OBSERVATION,1
Apis mellifera,-0.049211,37.286747,Kenya,2023-05-15T11:54,HUMAN_OBSERVATION,1
Apis mellifera,-0.049211,37.286747,Kenya,2023-05-15T10:49,HUMAN_OBSERVATION,1
Apis mellifera,-0.049211,37.286747,Kenya,2023-05-15T10:49,HUMAN_OBSERVATION,1
Apis mellifera,-0.053297,37.291232,Kenya,2023-05-17T12:06,HUMAN_OBSERVATION,1
Apis mellifera,-0.053297,37.291232,Kenya,2023-05-17T12:06,HUMAN_OBSERVATION,1
Apis mellifera,-0.053297,37.291232,Kenya,2023-05-17T11:21,HUMAN_OBSERVATION,1
Apis mellifera,-0.053297,37.291232,Kenya,2023-05-17T11:21,HUMAN_OBSERVATION,1
Apis mellifera,-0.053297,37.291232,Kenya,2023-05-17T12:06,HUMAN_OBSERVATION,1
Apis mellifera,-1.256433,36.816623,Kenya,2023-06-04T08:30,HUMAN_OBSERVATION,1
Apis mellifera,-2.705082,37.266045,Kenya,2023-06-08T13:25:07,HUMAN_OBSERVATION,1
Apis mellifera,-1.26712,36.820926,Kenya,2023-06-18T09:21,HUMAN_OBSERVATION,1
Apis mellifera,-0.11468,34.74753,Kenya,2023-06-19T12:16:09,HUMAN_OBSERVATION,1
Apis mellifera,-3.3733,38.341,Kenya,2023-06-09T15:22,HUMAN_OBSERVATION,1
Apis mellifera,-3.3733,38.341,Kenya,2023-06-09T15:22,HUMAN_OBSERVATION,1
Apis mellifera,-1.21594,36.974845,Kenya,2023-06-16T13:02,HUMAN_OBSERVATION,1
Apis mellifera,-0.48686,36.709454,Kenya,2023-06-10T10:41:48,HUMAN_OBSERVATION,1
Apis mellifera,-1.229645,36.804878,Kenya,2023-07-06T13:09:55,HUMAN_OBSERVATION,1
Apis mellifera,-0.594159,36.399248,Kenya,2023-07-12T12:42:59,HUMAN_OBSERVATION,1
Apis mellifera,-0.645765,36.200681,Kenya,2023-07-27T08:52:31,HUMAN_OBSERVATION,1
Apis mellifera,-1.328843,36.767327,Kenya,2023-07-25T13:13,HUMAN_OBSERVATION,1
Apis mellifera,1.331154,37.219491,Kenya,2023-07-22T09:06:09,HUMAN_OBSERVATION,1
Apis mellifera,-0.491381,34.032989,Kenya,2023-08-10T15:32:13,HUMAN_OBSERVATION,1
Apis mellifera,-1.390444,36.7755,Kenya,2023-08-29T10:53:09,HUMAN_OBSERVATION,1
Apis mellifera,-0.491434,34.03308,Kenya,2023-08-10T14:01:44,HUMAN_OBSERVATION,1
Apis mellifera,-1.222272,36.896911,Kenya,2023-09-05T14:03,HUMAN_OBSERVATION,1
Apis mellifera,-1.222301,36.896887,Kenya,2023-09-09T11:57,HUMAN_OBSERVATION,1
Apis mellifera,0.216276,34.881363,Kenya,2023-09-03T20:50,HUMAN_OBSERVATION,1
Apis mellifera,0.199062,34.879551,Kenya,2023-09-04T14:09,HUMAN_OBSERVATION,1
Apis mellifera,-0.131617,37.385247,Kenya,2023-09-04T09:59:10,HUMAN_OBSERVATION,1
Apis mellifera,-1.22245,36.897435,Kenya,2023-10-05T14:00,HUMAN_OBSERVATION,1
Apis mellifera,-0.524929,36.663828,Kenya,2023-10-21T13:11,HUMAN_OBSERVATION,1
Apis mellifera,-0.597176,36.469945,Kenya,2023-10-21T11:08,HUMAN_OBSERVATION,1
Apis mellifera,-1.256703,36.816738,Kenya,2023-11-12T10:25:04,HUMAN_OBSERVATION,1
Apis mellifera,-1.291622,36.770825,Kenya,2023-11-26T17:34:06,HUMAN_OBSERVATION,1
Apis mellifera,-0.758805,36.430155,Kenya,2023-11-25T13:08:09,HUMAN_OBSERVATION,1
Apis mellifera,-1.375761,36.746102,Kenya,2023-11-24T11:29:06,HUMAN_OBSERVATION,1
Apis mellifera,-1.313725,36.750783,Kenya,2023-11-25T15:51:12,HUMAN_OBSERVATION,1
Apis mellifera,-1.263895,36.827823,Kenya,2023-11-25T10:47:19,HUMAN_OBSERVATION,1
Apis mellifera,0.413458,35.21877,Kenya,2023-12-08T16:27,HUMAN_OBSERVATION,1
Apis mellifera,-0.100877,35.934535,Kenya,2023-12-10T12:32:37,HUMAN_OBSERVATION,1
Apis mellifera,-1.243299,36.819671,Kenya,2023-12-12T18:27,HUMAN_OBSERVATION,1
Apis mellifera,-1.309298,36.923368,Kenya,2023-12-22T08:55,HUMAN_OBSERVATION,1
Apis mellifera,-1.375938,36.879134,Kenya,2023-12-22T08:51,HUMAN_OBSERVATION,1
Apis mellifera,-1.250085,36.821321,Kenya,2023-12-24T12:34,HUMAN_OBSERVATION,1
Apis mellifera,-0.179813,37.066928,Kenya,2022-01-24T21:07,HUMAN_OBSERVATION,1
Apis mellifera,-0.72756,36.646678,Kenya,2022-01-27T18:23,HUMAN_OBSERVATION,1
Apis mellifera,-0.52543,36.664043,Kenya,2022-01-27T13:10,HUMAN_OBSERVATION,1
Apis mellifera,-4.658919,39.367944,Kenya,2022-02-07T16:06,HUMAN_OBSERVATION,1
Apis mellifera,-4.337309,39.567821,Kenya,2022-02-27T06:22,HUMAN_OBSERVATION,1
Apis mellifera,-3.868469,39.658894,Kenya,2022-02-27T12:14,HUMAN_OBSERVATION,1
Apis mellifera,-3.868469,39.658894,Kenya,2022-02-27,HUMAN_OBSERVATION,1
Apis mellifera,-0.94493,36.598738,Kenya,2022-03-22T09:39:52,HUMAN_OBSERVATION,1
Apis mellifera,-0.943292,36.595996,Kenya,2022-03-22T08:58,HUMAN_OBSERVATION,1
Apis mellifera,-0.943603,36.596325,Kenya,2022-03-22T12:34:46,HUMAN_OBSERVATION,1
Apis mellifera,-0.471765,34.13576,Kenya,2022-03-31T07:49Z,HUMAN_OBSERVATION,1
Apis mellifera,-1.399463,36.851958,Kenya,2022-04-19T09:26,HUMAN_OBSERVATION,1
Apis mellifera,-1.260634,36.809002,Kenya,2022-05-08T16:55,HUMAN_OBSERVATION,1
Apis mellifera,-1.26683,36.805333,Kenya,2022-05-25T09:38:50,HUMAN_OBSERVATION,1
Apis mellifera,-0.107082,34.77124,Kenya,2022-05-31T14:40:19,HUMAN_OBSERVATION,1
Apis mellifera,-1.25797,36.787155,Kenya,2022-06-25T16:26:41,HUMAN_OBSERVATION,1
Apis mellifera,-1.2671,36.805397,Kenya,2022-06-23T09:05:43,HUMAN_OBSERVATION,1
Apis mellifera,-1.243567,36.81963,Kenya,2022-06-01T09:16,HUMAN_OBSERVATION,1
Apis mellifera,-1.258438,36.787656,Kenya,2022-06-25T15:20:10,HUMAN_OBSERVATION,1
Apis mellifera,-0.280389,36.057205,Kenya,2022-06-28T14:06:12,HUMAN_OBSERVATION,1
Apis mellifera,-1.268523,36.807225,Kenya,2022-06-25T10:27:28,HUMAN_OBSERVATION,1
Apis mellifera,-1.264439,36.808658,Kenya,2022-06-19T14:34:07,HUMAN_OBSERVATION,1
Apis mellifera,-1.325453,35.115697,Kenya,2022-06-26T00:33,HUMAN_OBSERVATION,1
Apis mellifera,0.531637,35.916107,Kenya,2022-07-02T16:01:52,HUMAN_OBSERVATION,1
Apis mellifera,-1.334235,36.715377,Kenya,2022-07-02T13:47,HUMAN_OBSERVATION,1
Apis mellifera,-1.225688,36.823007,Kenya,2022-07-10T15:08,HUMAN_OBSERVATION,1
Apis mellifera,0.530239,35.93189,Kenya,2022-07-10T15:05:58,HUMAN_OBSERVATION,1
Apis mellifera,0.601363,36.004593,Kenya,2022-07-19T16:10:41,HUMAN_OBSERVATION,1
Apis mellifera,0.552979,35.939459,Kenya,2022-07-17T14:04:23,HUMAN_OBSERVATION,1
Apis mellifera,0.565566,35.986487,Kenya,2022-07-10T08:26:21,HUMAN_OBSERVATION,1
Apis mellifera,-1.099905,35.956158,Kenya,2022-07-22T12:25:40,HUMAN_OBSERVATION,1
Apis mellifera,-1.223645,36.897227,Kenya,2022-07-30T17:17,HUMAN_OBSERVATION,1
Apis mellifera,-0.454146,37.234841,Kenya,2022-08-10T13:14,HUMAN_OBSERVATION,1
Apis mellifera,-0.492122,37.458298,Kenya,2022-08-16T13:12,HUMAN_OBSERVATION,1
Apis mellifera,-2.599895,37.247527,Kenya,2022-08-09T11:31,HUMAN_OBSERVATION,1
Apis mellifera,-1.221918,36.896648,Kenya,2022-08-01T12:46,HUMAN_OBSERVATION,1
Apis mellifera,-4.334558,39.569447,Kenya,2022-09-21T14:12:30,HUMAN_OBSERVATION,1
Apis mellifera,-1.222706,36.897254,Kenya,2022-09-23T12:53,HUMAN_OBSERVATION,1
Apis mellifera,-1.336986,36.775807,Kenya,2022-09-25T19:09:28,HUMAN_OBSERVATION,1
Apis mellifera,-1.207385,36.851843,Kenya,2022-09-29T12:05,HUMAN_OBSERVATION,1
Apis mellifera,-0.764733,36.399484,Kenya,2022-09-30T16:32:35,HUMAN_OBSERVATION,1
Apis mellifera,-1.242228,36.817882,Kenya,2022-10-02T09:31,HUMAN_OBSERVATION,1
Apis mellifera,-1.267139,36.821154,Kenya,2022-10-16T10:28,HUMAN_OBSERVATION,1
Apis mellifera,-1.333453,36.750678,Kenya,2022-10-04T13:55,HUMAN_OBSERVATION,1
Apis mellifera,-1.443195,37.051517,Kenya,2022-10-28T11:54:14,HUMAN_OBSERVATION,1
Apis mellifera,-1.44318,37.051418,Kenya,2022-10-28T11:53:15,HUMAN_OBSERVATION,1
Apis mellifera,-1.394235,36.848461,Kenya,2022-10-30T13:01:18,HUMAN_OBSERVATION,1
Apis mellifera,-1.543385,36.889595,Kenya,2022-10-30T13:01:28,HUMAN_OBSERVATION,1
Apis mellifera,-0.38049,37.455421,Kenya,2022-11-17T14:04:46,HUMAN_OBSERVATION,1
Apis mellifera,-1.336112,36.713397,Kenya,2022-12-31T11:25:29,HUMAN_OBSERVATION,1
Apis mellifera,-1.062601,35.219211,Kenya,2022-12-22T11:11:52,HUMAN_OBSERVATION,1
Apis mellifera,-1.259133,36.795846,Kenya,2022-12-19T05:29,HUMAN_OBSERVATION,1
Apis mellifera,-1.07928,35.233995,Kenya,2022-12-22T12:44:58,HUMAN_OBSERVATION,1
Apis mellifera,0.494128,35.717762,Kenya,2022-12-17T09:34,HUMAN_OBSERVATION,1
Apis mellifera,0.365398,35.389782,Kenya,2022-12-29T16:13,HUMAN_OBSERVATION,1
Apis mellifera,-1.376671,36.838979,Kenya,2022-12-03T10:57,HUMAN_OBSERVATION,1
Apis mellifera,-0.165388,34.96751,Kenya,2022-12-27,HUMAN_OBSERVATION,1
Apis mellifera,-0.165274,34.967544,Kenya,2022-12-25,HUMAN_OBSERVATION,1
Apis mellifera,-0.165063,34.967258,Kenya,2022-12-26,HUMAN_OBSERVATION,1
Apis mellifera,-0.165047,34.967267,Kenya,2022-12-30,HUMAN_OBSERVATION,1
Apis mellifera,-1.22155,36.897169,Kenya,2021-01-26T20:59Z,HUMAN_OBSERVATION,1
Apis mellifera,-1.273055,36.8481,Kenya,2021-03-20T16:07:19,HUMAN_OBSERVATION,1
Apis mellifera,-0.943736,36.595796,Kenya,2021-03-19T11:43:34,HUMAN_OBSERVATION,1
Apis mellifera,-1.021745,34.525302,Kenya,2021-04-20T15:05:09,HUMAN_OBSERVATION,1
Apis mellifera,-1.307571,36.811935,Kenya,2021-04-02T08:35:46,HUMAN_OBSERVATION,1
Apis mellifera,-1.307571,36.811935,Kenya,2021-04-02T08:35:43,HUMAN_OBSERVATION,1
Apis mellifera,-2.383734,37.356769,Kenya,2021-06-21T00:21,HUMAN_OBSERVATION,1
Apis mellifera,-1.243592,36.819408,Kenya,2021-06-25T12:17:33,HUMAN_OBSERVATION,1
Apis mellifera,-1.359174,36.711578,Kenya,2021-07-21T06:53,HUMAN_OBSERVATION,1
Apis mellifera,0.226547,34.884117,Kenya,2021-08-14T13:29:40,HUMAN_OBSERVATION,1
Apis mellifera,-3.238445,40.126525,Kenya,2021-08-10T08:34:55,HUMAN_OBSERVATION,1
Apis mellifera,-1.281024,36.813187,Kenya,2021-08-08T07:33,HUMAN_OBSERVATION,1
Apis mellifera,2.259211,37.937698,Kenya,2021-08-12T12:01,HUMAN_OBSERVATION,1
Apis mellifera,-0.48784300370207845,34.02144757889735,KE,,pseudoAbsence,0
Apis mellifera,-4.285553328711765,39.218144209326475,KE,,pseudoAbsence,0
Apis mellifera,0.7206757963245893,35.93597637385751,KE,,pseudoAbsence,0
Apis mellifera,-0.6728063503480737,36.90793869241632,KE,,pseudoAbsence,0
Apis mellifera,-0.07143795982439016,36.97992552735834,KE,,pseudoAbsence,0
Apis mellifera,-2.679298492711241,38.31719042757814,KE,,pseudoAbsence,0
Apis mellifera,2.953775335774184,35.43361024281559,KE,,pseudoAbsence,0
Apis mellifera,4.5766318797519885,35.012263473947066,KE,,pseudoAbsence,0
Apis mellifera,0.8848351237673926,39.14869388081398,KE,,pseudoAbsence,0
Apis mellifera,0.24232237076877983,40.03135863306022,KE,,pseudoAbsence,0
Apis mellifera,0.8602122580610425,36.906953490269494,KE,,pseudoAbsence,0
Apis mellifera,2.6530297567281815,37.7777209288406,KE,,pseudoAbsence,0
Apis mellifera,0.45048015424184484,40.174124005395655,KE,,pseudoAbsence,0
Apis mellifera,-2.514613698949649,38.666500250061524,KE,,pseudoAbsence,0
Apis mellifera,3.0061037603802907,40.098308371183606,KE,,pseudoAbsence,0
Apis mellifera,-0.33952889203628,35.87421868835594,KE,,pseudoAbsence,0
Apis mellifera,4.725145868027595,34.70354183071349,KE,,pseudoAbsence,0
Apis mellifera,1.8678015675817532,39.09493531490173,KE,,pseudoAbsence,0
Apis mellifera,4.42958262944583,34.7156025568251,KE,,pseudoAbsence,0
Apis mellifera,3.9951386487966802,34.2996383747782,KE,,pseudoAbsence,0
Apis mellifera,0.9458641363000968,35.73745093081114,KE,,pseudoAbsence,0
Apis mellifera,2.822950606029581,38.975700642542364,KE,,pseudoAbsence,0
Apis mellifera,2.517448832539915,39.62688191177489,KE,,pseudoAbsence,0
Apis mellifera,1.54682914858566,37.81044637150156,KE,,pseudoAbsence,0
Apis mellifera,4.422465097336022,34.58495666348003,KE,,pseudoAbsence,0
Apis mellifera,1.225888481016538,38.1372562850371,KE,,pseudoAbsence,0
Apis mellifera,2.912470287346495,34.82789993337481,KE,,pseudoAbsence,0
Apis mellifera,3.0558450200250302,38.73312206205566,KE,,pseudoAbsence,0
Apis mellifera,1.4119257130603966,37.816429826414485,KE,,pseudoAbsence,0
Apis mellifera,2.6108535526357457,37.95908601510923,KE,,pseudoAbsence,0
Apis mellifera,-3.630044218929074,38.426500738928496,KE,,pseudoAbsence,0
Apis mellifera,3.152429072960153,35.542469408136284,KE,,pseudoAbsence,0
Apis mellifera,-1.7405605296582278,39.19089053428765,KE,,pseudoAbsence,0
Apis mellifera,3.805331914937349,41.35823838531333,KE,,pseudoAbsence,0
Apis mellifera,-2.8937725245799752,38.86182457877532,KE,,pseudoAbsence,0
Apis mellifera,0.555567560308794,34.93168854272111,KE,,pseudoAbsence,0
Apis mellifera,-2.9596556838820085,38.28400703577683,KE,,pseudoAbsence,0
Apis mellifera,2.9126701522335505,36.39875370365017,KE,,pseudoAbsence,0
Apis mellifera,0.910820558397984,37.56254799052304,KE,,pseudoAbsence,0
Apis mellifera,1.6284594427695591,40.05228361507352,KE,,pseudoAbsence,0
Apis mellifera,1.8182665688990864,38.93485842402971,KE,,pseudoAbsence,0
Apis mellifera,1.1976324963173983,39.52034926280077,KE,,pseudoAbsence,0
Apis mellifera,-3.643382493053295,38.78974472164554,KE,,pseudoAbsence,0
Apis mellifera,-1.525778781825315,38.02094311656923,KE,,pseudoAbsence,0
Apis mellifera,-0.1927116991890392,35.943817353359584,KE,,pseudoAbsence,0
Apis mellifera,1.519453744053548,36.13734144459342,KE,,pseudoAbsence,0
Apis mellifera,-1.0279984857297357,34.05581779711352,KE,,pseudoAbsence,0
Apis mellifera,-0.6214857383177961,38.974620614115885,KE,,pseudoAbsence,0
Apis mellifera,-0.808357639683642,34.36693257097201,KE,,pseudoAbsence,0
Apis mellifera,-2.0645985220446854,36.38156898990517,KE,,pseudoAbsence,0
Apis mellifera,0.45015855226111423,37.44992971008424,KE,,pseudoAbsence,0
Apis mellifera,3.6549632940965227,41.023465156302215,KE,,pseudoAbsence,0
Apis mellifera,0.3050408994676612,34.15966018190268,KE,,pseudoAbsence,0
Apis mellifera,2.031190439890196,37.524530735802124,KE,,pseudoAbsence,0
Apis mellifera,-2.269877194134534,36.536162486020956,KE,,pseudoAbsence,0
Apis mellifera,-0.7372580977373984,36.44248682805302,KE,,pseudoAbsence,0
Apis mellifera,1.8757679542285501,35.77056364106812,KE,,pseudoAbsence,0
Apis mellifera,-1.8288834559852751,40.65560569436407,KE,,pseudoAbsence,0
Apis mellifera,1.2238605158162104,37.064719746282414,KE,,pseudoAbsence,0
Apis mellifera,0.3157230170277101,34.65493263215445,KE,,pseudoAbsence,0
Apis mellifera,4.800389590750494,34.7728075460464,KE,,pseudoAbsence,0
Apis mellifera,0.11369962034596348,39.762835229806726,KE,,pseudoAbsence,0
Apis mellifera,1.9255254373686599,36.593601079230424,KE,,pseudoAbsence,0
Apis mellifera,3.4874448318924154,37.777167409183306,KE,,pseudoAbsence,0
Apis mellifera,-2.1181728132421465,36.11333106112281,KE,,pseudoAbsence,0
Apis mellifera,1.8594166744843976,37.73905231658805,KE,,pseudoAbsence,0
Apis mellifera,0.8965469939627688,39.95417446533836,KE,,pseudoAbsence,0
Apis mellifera,-0.9326586004304747,34.34363201909086,KE,,pseudoAbsence,0
Apis mellifera,0.9810850594931875,37.954496286208006,KE,,pseudoAbsence,0
Apis mellifera,-1.0124482956185776,37.783851120601426,KE,,pseudoAbsence,0
Apis mellifera,1.8269799820890107,39.28996880685539,KE,,pseudoAbsence,0
Apis mellifera,-2.001058811485271,37.67908342708238,KE,,pseudoAbsence,0
Apis mellifera,-0.5391989558987653,40.782623077478796,KE,,pseudoAbsence,0
Apis mellifera,-2.316068467846362,36.681388247404385,KE,,pseudoAbsence,0
Apis mellifera,3.981037759270442,40.469798005271976,KE,,pseudoAbsence,0
Apis mellifera,0.18671423539792809,37.89295014686392,KE,,pseudoAbsence,0
Apis mellifera,-3.6111422051742585,39.04067172175376,KE,,pseudoAbsence,0
Apis mellifera,-1.799678232321651,38.24973641992021,KE,,pseudoAbsence,0
Apis mellifera,-0.7509716847350423,38.785085958316735,KE,,pseudoAbsence,0
Apis mellifera,1.6360178566953802,36.07713718911537,KE,,pseudoAbsence,0
Apis mellifera,3.597664532820745,35.747918403996145,KE,,pseudoAbsence,0
Apis mellifera,2.6469063332206284,40.38607065909091,KE,,pseudoAbsence,0
Apis mellifera,0.8905214052612989,40.012656524971234,KE,,pseudoAbsence,0
Apis mellifera,3.237263804065214,34.68407944749043,KE,,pseudoAbsence,0
Apis mellifera,1.8119202701786516,40.36787371388118,KE,,pseudoAbsence,0
Apis mellifera,-0.2704947343745454,40.70157460852381,KE,,pseudoAbsence,0
Apis mellifera,-0.21475227289052246,40.3163641339452,KE,,pseudoAbsence,0
Apis mellifera,1.4691481662797852,35.67512048835403,KE,,pseudoAbsence,0
Apis mellifera,-1.4258990376521168,38.875786737354424,KE,,pseudoAbsence,0
Apis mellifera,-1.4769954709575712,35.9412468446688,KE,,pseudoAbsence,0
Apis mellifera,3.0190120537448157,41.040024357956234,KE,,pseudoAbsence,0
Apis mellifera,-1.7811916390128952,37.47349157221096,KE,,pseudoAbsence,0
Apis mellifera,4.003140835308309,40.70985948379816,KE,,pseudoAbsence,0
Apis mellifera,-1.6606598712572067,37.7684103506086,KE,,pseudoAbsence,0
Apis mellifera,-3.132586957106275,38.918890166960054,KE,,pseudoAbsence,0
Apis mellifera,-1.1379065443780072,40.372285130455964,KE,,pseudoAbsence,0
Apis mellifera,0.2422850866392734,35.21231239616609,KE,,pseudoAbsence,0
Apis mellifera,-1.6587446603911178,35.945899358247296,KE,,pseudoAbsence,0
Apis mellifera,2.9975757794569153,36.04851229610352,KE,,pseudoAbsence,0
Apis mellifera,-2.089249828229117,39.76758748068077,KE,,pseudoAbsence,0
Apis mellifera,-0.3313569055304253,40.02518816413475,KE,,pseudoAbsence,0
Apis mellifera,3.6748982347341927,37.44249575172448,KE,,pseudoAbsence,0
Apis mellifera,-1.7986774752188968,40.67846609710013,KE,,pseudoAbsence,0
Apis mellifera,-1.2253233553471268,36.97818735628111,KE,,pseudoAbsence,0
Apis mellifera,-1.8663350957775466,38.013249344630836,KE,,pseudoAbsence,0
Apis mellifera,-1.4765278045070884,40.159417063608,KE,,pseudoAbsence,0
Apis mellifera,3.3319631233739893,36.02126538845527,KE,,pseudoAbsence,0
Apis mellifera,2.548380814330849,37.12639815226029,KE,,pseudoAbsence,0
Apis mellifera,-0.8401562219699041,37.96497391716755,KE,,pseudoAbsence,0
Apis mellifera,2.1787654109388583,38.135332086747475,KE,,pseudoAbsence,0
Apis mellifera,-2.576784347440192,38.53018331937494,KE,,pseudoAbsence,0
Apis mellifera,-3.7101083593006483,39.60979942709915,KE,,pseudoAbsence,0
Apis mellifera,-0.921624299311552,38.49153125186521,KE,,pseudoAbsence,0
Apis mellifera,2.0515817704860293,39.09078904684277,KE,,pseudoAbsence,0
Apis mellifera,-0.8769820286383188,38.815242523611154,KE,,pseudoAbsence,0
Apis mellifera,-3.498945454942636,37.97822380853291,KE,,pseudoAbsence,0
Apis mellifera,2.431650441742746,38.31628665829944,KE,,pseudoAbsence,0
Apis mellifera,1.9953057604251994,38.655958866046404,KE,,pseudoAbsence,0
Apis mellifera,2.3890778684578784,34.996654488391385,KE,,pseudoAbsence,0
Apis mellifera,-1.2252036668494308,38.72440055122853,KE,,pseudoAbsence,0
Apis mellifera,-0.14940018834761926,37.360284167951995,KE,,pseudoAbsence,0
Apis mellifera,0.24217555612198183,35.7294739736245,KE,,pseudoAbsence,0
Apis mellifera,-2.5066799472842116,40.25639578615819,KE,,pseudoAbsence,0
Apis mellifera,-0.0007490023229346221,37.52376726557122,KE,,pseudoAbsence,0
Apis mellifera,0.39293516424719854,36.880954621562864,KE,,pseudoAbsence,0
Apis mellifera,1.2250986598556262,35.79518967056795,KE,,pseudoAbsence,0
Apis mellifera,-0.5692660368839091,39.433079734433335,KE,,pseudoAbsence,0
Apis mellifera,2.92531347311683,38.26467639454301,KE,,pseudoAbsence,0
Apis mellifera,2.052231672462071,38.54750329012274,KE,,pseudoAbsence,0
Apis mellifera,2.421463277418832,35.76961178065081,KE,,pseudoAbsence,0
Apis mellifera,-3.2235295473308074,38.889104080601314,KE,,pseudoAbsence,0
Apis mellifera,-2.3872182971087472,36.51977582199192,KE,,pseudoAbsence,0
Apis mellifera,0.7540498228229877,38.73442087429435,KE,,pseudoAbsence,0
Apis mellifera,-2.626135552543633,40.04137468908751,KE,,pseudoAbsence,0
Apis mellifera,2.139239682117031,39.633061561573435,KE,,pseudoAbsence,0
Apis mellifera,-4.369484239587848,38.955075020843644,KE,,pseudoAbsence,0
Apis mellifera,1.9227185465366805,37.56751162315725,KE,,pseudoAbsence,0
Apis mellifera,-2.336308937357872,40.15480040360494,KE,,pseudoAbsence,0
Apis mellifera,4.11778447998578,35.751764515687995,KE,,pseudoAbsence,0
Apis mellifera,-3.09923341391102,39.68366048257131,KE,,pseudoAbsence,0
Apis mellifera,-0.6750753796106883,38.08941463037522,KE,,pseudoAbsence,0
Apis mellifera,1.1297610571471175,39.3377630136097,KE,,pseudoAbsence,0
Apis mellifera,2.6178628800297137,40.938932845414186,KE,,pseudoAbsence,0
Apis mellifera,-2.0516188597339777,37.005451123473904,KE,,pseudoAbsence,0
Apis mellifera,2.7421721169330278,35.46378939282632,KE,,pseudoAbsence,0
Apis mellifera,1.1480145780575919,36.819122975212196,KE,,pseudoAbsence,0
Apis mellifera,3.416826689047217,38.833784105544424,KE,,pseudoAbsence,0
Apis mellifera,2.8556481965218223,40.91742314062694,KE,,pseudoAbsence,0
Apis mellifera,-2.5966455829928448,38.278087125836045,KE,,pseudoAbsence,0
Apis mellifera,-3.724692118076986,39.552701844767846,KE,,pseudoAbsence,0
Apis mellifera,-1.2024975934920623,37.9260219869317,KE,,pseudoAbsence,0
Apis mellifera,0.26485608077955014,37.12302188475757,KE,,pseudoAbsence,0
Apis mellifera,3.3617986018231703,41.417234461034376,KE,,pseudoAbsence,0
Apis mellifera,1.8841582665040244,40.2604097055583,KE,,pseudoAbsence,0
Apis mellifera,-0.039403140431504724,36.999946397368255,KE,,pseudoAbsence,0
Apis mellifera,0.3394529951278136,35.28622479850827,KE,,pseudoAbsence,0
Apis mellifera,0.2718428571785587,40.05099151508047,KE,,pseudoAbsence,0
Apis mellifera,-1.3745235046098592,37.00274705767292,KE,,pseudoAbsence,0
Apis mellifera,4.312630445953114,36.87631245980774,KE,,pseudoAbsence,0
Apis mellifera,1.1199641484096627,36.56303747832468,KE,,pseudoAbsence,0
Apis mellifera,-1.7717315604226096,39.217531577933784,KE,,pseudoAbsence,0
Apis mellifera,-0.18658050370059254,35.636235290495236,KE,,pseudoAbsence,0
Apis mellifera,3.426255249752187,34.56490346619276,KE,,pseudoAbsence,0
Apis mellifera,-2.887066227989591,39.24684447658973,KE,,pseudoAbsence,0
Apis mellifera,0.5022602199830626,39.30640805093965,KE,,pseudoAbsence,0
Apis mellifera,3.6880274013717704,37.704423255077714,KE,,pseudoAbsence,0
Apis mellifera,-0.3909051207663392,39.81419017941507,KE,,pseudoAbsence,0
Apis mellifera,0.18006118270612603,35.48068118558589,KE,,pseudoAbsence,0
Apis mellifera,-1.0318517987492513,35.93829346121974,KE,,pseudoAbsence,0
Apis mellifera,2.785708749083132,37.79573076650687,KE,,pseudoAbsence,0
Apis mellifera,0.35418655829714396,37.46559405504412,KE,,pseudoAbsence,0
Apis mellifera,2.573337695404353,36.12340794093707,KE,,pseudoAbsence,0
Apis mellifera,0.35205236272793616,34.236867293787405,KE,,pseudoAbsence,0
Apis mellifera,-0.6761033767854583,38.27264365558654,KE,,pseudoAbsence,0
Apis mellifera,-2.5650649807224584,39.202933942208645,KE,,pseudoAbsence,0
Apis mellifera,3.954720561239891,34.96438634632861,KE,,pseudoAbsence,0
Apis mellifera,-1.9368062080541892,39.50314569845806,KE,,pseudoAbsence,0
Apis mellifera,2.6635707314833734,38.16188670576987,KE,,pseudoAbsence,0
Apis mellifera,-0.5272864536865898,36.73943341126048,KE,,pseudoAbsence,0
Apis mellifera,3.8016174602245547,36.292704701897335,KE,,pseudoAbsence,0
Apis mellifera,2.4894205184881555,36.943040022110345,KE,,pseudoAbsence,0
Apis mellifera,-2.685807379630197,39.659292719158024,KE,,pseudoAbsence,0
Apis mellifera,0.76788020483714,38.729052154976635,KE,,pseudoAbsence,0
Apis mellifera,3.837695190890396,35.31629294609661,KE,,pseudoAbsence,0
Apis mellifera,-3.7096553619809853,39.15785745742625,KE,,pseudoAbsence,0
Apis mellifera,-2.30318793236334,37.12493974679176,KE,,pseudoAbsence,0
Apis mellifera,-1.1095162178083853,35.17518096794195,KE,,pseudoAbsence,0
Apis mellifera,3.3640228125200773,40.137928335998296,KE,,pseudoAbsence,0
Apis mellifera,0.6910553137031208,36.64530938511685,KE,,pseudoAbsence,0
Apis mellifera,1.2666871506863453,38.35619595107336,KE,,pseudoAbsence,0
Apis mellifera,2.76346484343727,40.2634170101988,KE,,pseudoAbsence,0
Apis mellifera,3.26393553282404,40.5187199104311,KE,,pseudoAbsence,0
Apis mellifera,-3.7737160433709187,39.497889196704776,KE,,pseudoAbsence,0
Apis mellifera,1.3273209859644357,37.26532398545442,KE,,pseudoAbsence,0
Apis mellifera,4.195454856209241,35.46001652570465,KE,,pseudoAbsence,0
Apis mellifera,0.8979914442555277,39.11090320469885,KE,,pseudoAbsence,0
Apis mellifera,1.3057641234378794,39.548768701673914,KE,,pseudoAbsence,0
Apis mellifera,1.3388369564708045,35.651363428086356,KE,,pseudoAbsence,0
Apis mellifera,-3.255724846979903,38.631401209681506,KE,,pseudoAbsence,0
Apis mellifera,-0.9649392359398044,40.67779978249468,KE,,pseudoAbsence,0
Apis mellifera,1.973671655964404,36.84344675460884,KE,,pseudoAbsence,0
Apis mellifera,-0.249117057325134,35.89098348070514,KE,,pseudoAbsence,0
Apis mellifera,-0.13521276528972948,35.89512145354267,KE,,pseudoAbsence,0
Apis mellifera,2.0602678896320903,36.5605901800553,KE,,pseudoAbsence,0
Apis mellifera,3.372581792173645,39.51463806621254,KE,,pseudoAbsence,0
Apis mellifera,5.010833167383727,35.379393586356045,KE,,pseudoAbsence,0
Apis mellifera,4.086464370529451,35.289755249971286,KE,,pseudoAbsence,0
Apis mellifera,3.4017231502773297,39.055115146589465,KE,,pseudoAbsence,0
Apis mellifera,2.424848793908808,38.42330864623526,KE,,pseudoAbsence,0
Apis mellifera,2.0952010403118084,40.877769490862825,KE,,pseudoAbsence,0
Apis mellifera,3.074964385906081,34.73475622198296,KE,,pseudoAbsence,0
Apis mellifera,-0.1722223525133426,38.665868227247174,KE,,pseudoAbsence,0
Apis mellifera,-2.4946277618040287,37.459671803266176,KE,,pseudoAbsence,0
Apis mellifera,2.7382001780575163,40.78246397895351,KE,,pseudoAbsence,0
Apis mellifera,-2.0755441910306103,38.355723926869764,KE,,pseudoAbsence,0
Apis mellifera,1.7493968821685062,35.291456807192894,KE,,pseudoAbsence,0
Apis mellifera,0.7158890509556972,37.17243200992884,KE,,pseudoAbsence,0
Apis mellifera,2.175616100980493,36.59692558465168,KE,,pseudoAbsence,0
Apis mellifera,3.345687754009128,38.37870152919647,KE,,pseudoAbsence,0
Apis mellifera,1.8672972006780668,36.09526625784831,KE,,pseudoAbsence,0
Apis mellifera,-2.4346496580213253,40.453655087518506,KE,,pseudoAbsence,0
Apis mellifera,-1.099406963195964,41.03153581149819,KE,,pseudoAbsence,0
Apis mellifera,-0.3688435332096418,35.31255074690066,KE,,pseudoAbsence,0
Apis mellifera,3.1096599608836577,37.707508572114804,KE,,pseudoAbsence,0
Apis mellifera,2.8281570113741568,40.23051002493356,KE,,pseudoAbsence,0
Apis mellifera,-0.08209694215652874,38.2967786759084,KE,,pseudoAbsence,0
Apis mellifera,-2.6427694645034183,39.55637054310908,KE,,pseudoAbsence,0
Apis mellifera,1.0273494268215684,35.69336370846119,KE,,pseudoAbsence,0
Apis mellifera,-0.286515112687046,36.61823615255312,KE,,pseudoAbsence,0
Apis mellifera,0.48858267558562307,39.462069245957444,KE,,pseudoAbsence,0
Apis mellifera,-0.7774282277646614,38.64172482559585,KE,,pseudoAbsence,0
Apis mellifera,2.9732475486243075,37.859426841539715,KE,,pseudoAbsence,0
Apis mellifera,3.252681285429473,37.34466077738152,KE,,pseudoAbsence,0
Apis mellifera,1.9417155452223582,36.61229527365644,KE,,pseudoAbsence,0
Apis mellifera,2.2308212041409794,40.73274139231552,KE,,pseudoAbsence,0
Apis mellifera,1.583927766354254,35.973570099980755,KE,,pseudoAbsence,0
Apis mellifera,-2.9039545151048176,39.0893371732382,KE,,pseudoAbsence,0
Apis mellifera,-1.2821873436800084,38.88116185128373,KE,,pseudoAbsence,0
Apis mellifera,3.6776232612340847,41.1330287936821,KE,,pseudoAbsence,0
Apis mellifera,-1.3043269463767722,40.6897567822914,KE,,pseudoAbsence,0
Apis mellifera,4.790805358340612,35.26066348765546,KE,,pseudoAbsence,0
Apis mellifera,2.9987052104622256,34.739188747946,KE,,pseudoAbsence,0
Apis mellifera,-1.4511850691560428,39.0675088738059,KE,,pseudoAbsence,0
Apis mellifera,1.7654579641903076,38.903586876894806,KE,,pseudoAbsence,0
Apis mellifera,1.1640068914674453,39.844875469039486,KE,,pseudoAbsence,0
Apis mellifera,2.160269262229926,38.934660201575205,KE,,pseudoAbsence,0
Apis mellifera,3.5802813541303076,36.09067957855672,KE,,pseudoAbsence,0
Apis mellifera,2.386446810457768,40.101971132292626,KE,,pseudoAbsence,0
Apis mellifera,3.1686376077723724,35.85192888660835,KE,,pseudoAbsence,0
Apis mellifera,-0.10034583672283226,38.78231208597198,KE,,pseudoAbsence,0
Apis mellifera,3.578198786401626,36.26949481974042,KE,,pseudoAbsence,0
Apis mellifera,0.6778740597240596,35.978544840614276,KE,,pseudoAbsence,0
Apis mellifera,3.4365294314039767,39.25322142663702,KE,,pseudoAbsence,0
Apis mellifera,1.6076474099342715,40.74032288514452,KE,,pseudoAbsence,0
Apis mellifera,1.4472897373891422,39.746966177523944,KE,,pseudoAbsence,0
Apis mellifera,-0.3654226065303625,36.77126478267309,KE,,pseudoAbsence,0
Apis mellifera,3.885238965436698,40.716708524828064,KE,,pseudoAbsence,0
Apis mellifera,2.520980302955474,40.51384538773713,KE,,pseudoAbsence,0
Apis mellifera,-1.8749628141003973,36.82764891557117,KE,,pseudoAbsence,0
Apis mellifera,-0.27961222189381996,40.77486080943093,KE,,pseudoAbsence,0
Apis mellifera,2.9614350521663617,36.55250436538786,KE,,pseudoAbsence,0
Apis mellifera,-2.7811541683749836,37.99886631893664,KE,,pseudoAbsence,0
Apis mellifera,-0.5391116560435405,34.87909470489643,KE,,pseudoAbsence,0
Apis mellifera,0.003319685022552754,38.01278111656969,KE,,pseudoAbsence,0
Apis mellifera,4.1964954046504355,35.63680668320547,KE,,pseudoAbsence,0
Apis mellifera,3.365293934935708,41.40724589478251,KE,,pseudoAbsence,0
Apis mellifera,-0.4050266272001988,40.06274796152187,KE,,pseudoAbsence,0
Apis mellifera,1.0065043839400758,40.911261235077184,KE,,pseudoAbsence,0
Apis mellifera,3.8563619193172256,36.25086070143108,KE,,pseudoAbsence,0
Apis mellifera,1.3539936646102149,38.97660237874884,KE,,pseudoAbsence,0
Apis mellifera,0.5561517574802295,35.33667127438687,KE,,pseudoAbsence,0
Apis mellifera,-2.721187762132944,39.87006918814779,KE,,pseudoAbsence,0
Apis mellifera,2.850721190212891,35.409453863711974,KE,,pseudoAbsence,0
Apis mellifera,1.6626307048332905,37.67593013305694,KE,,pseudoAbsence,0
Apis mellifera,2.7979471435434338,37.0596051436943,KE,,pseudoAbsence,0
Apis mellifera,1.0134037299967078,37.250038751691434,KE,,pseudoAbsence,0
Apis mellifera,2.3312272697160124,34.98570009947671,KE,,pseudoAbsence,0
Apis mellifera,-2.294809331206763,36.98138170898464,KE,,pseudoAbsence,0
Apis mellifera,-1.3647805112051663,38.18608383386999,KE,,pseudoAbsence,0
Apis mellifera,2.735461645920263,36.83364644365756,KE,,pseudoAbsence,0
Apis mellifera,2.5815573772258364,36.03159251016699,KE,,pseudoAbsence,0
Apis mellifera,2.198916245845787,36.06354230508103,KE,,pseudoAbsence,0
Apis mellifera,1.3328692345127502,37.427151242353396,KE,,pseudoAbsence,0
Apis mellifera,-2.237771934853697,36.93471467509127,KE,,pseudoAbsence,0
Apis mellifera,-1.7567649552213727,36.038084033855114,KE,,pseudoAbsence,0
Apis mellifera,1.2933936105359578,38.49095169648493,KE,,pseudoAbsence,0
Apis mellifera,1.9706808759716665,39.33582806968381,KE,,pseudoAbsence,0
Apis mellifera,3.452535712843283,41.16274150419731,KE,,pseudoAbsence,0
Apis mellifera,3.860635193590263,37.296062587624114,KE,,pseudoAbsence,0
Apis mellifera,1.4950863819230706,39.929959218334915,KE,,pseudoAbsence,0
Apis mellifera,0.8619953356852816,36.87046409675941,KE,,pseudoAbsence,0
Apis mellifera,-1.797784936177142,41.342722389209804,KE,,pseudoAbsence,0
Apis mellifera,1.4344965470147573,36.76922297996123,KE,,pseudoAbsence,0
Apis mellifera,-0.7491960068733534,37.71205597897337,KE,,pseudoAbsence,0
Apis mellifera,1.876284372986369,40.00356561917676,KE,,pseudoAbsence,0
Apis mellifera,1.0428434205546795,35.32375009709409,KE,,pseudoAbsence,0
Apis mellifera,-1.2097077198355581,35.44978404504921,KE,,pseudoAbsence,0
Apis mellifera,-2.684083966617497,37.545037873732795,KE,,pseudoAbsence,0
Apis mellifera,4.813465064350203,35.166277743403114,KE,,pseudoAbsence,0
Apis mellifera,-0.01760111608352677,38.53218233747775,KE,,pseudoAbsence,0
